name,employee_id,building_code,floor_number,salary,department
Esther,2527,106,FIRST,642575,Management Consulting
Isabelle,4327,121,GROUND,798289,Public Relations and Communications
Jayden,1057,123,FIRST,336984,Textiles
Bailee,1087,112,FIRST,388005,Alternative Medicine
Bella,3006,106,FIRST,435322,Import and Export
Katarina,2643,120,FIRST,743150,Gambling & Casinos
Phyllis,1405,136,FIRST,706073,Wine and Spirits
Alphonso,2169,123,GROUND,666914,Farming
Terrell,3606,109,FIRST,456756,Executive Office
Burley,1325,101,FIRST,700894,International Trade and Development
Monserrat,2871,115,FIRST,659205,Computer Games
Genesis,4121,114,GROUND,471021,Consumer Goods
Vern,4110,128,FIRST,325984,Venture Capital & Private Equity
Kara,1304,106,FIRST,625905,Investment Management
Maxine,4548,132,FIRST,337870,Renewables & Environment
Barton,3234,147,FIRST,498509,Electrical / Electronic Manufacturing
Gertrude,4495,136,GROUND,463002,Philanthropy
Candace,1450,106,FIRST,702375,Law Enforcement
Ludie,1747,127,FIRST,333862,Performing Arts
Danika,3351,121,FIRST,506288,Management Consulting
Bobbie,1722,127,GROUND,364824,Industrial Automation
Savanah,4703,123,FIRST,591401,Accounting
Glenda,3799,106,FIRST,367558,Computer Hardware
Benjamin,2764,144,SECOND,635179,Mechanical or Industrial Engineering
Ayana,4070,106,FIRST,658114,Fine Art
Lincoln,1878,108,FIRST,669760,Veterinary
Tania,1235,131,SECOND,514219,Paper & Forest Products
Alyce,2964,122,FIRST,752452,Commercial Real Estate
Maiya,4992,131,FIRST,624313,Think Tanks
Angeline,4147,130,FIRST,517869,Primary / Secondary Education
Sarai,2819,105,SECOND,524841,Medical Practice
Carter,1065,106,FIRST,690725,Government Administration
Gordon,3182,133,FIRST,553767,Information Services
Richie,2059,141,FIRST,492260,Media Production
Claudine,4061,130,FIRST,407095,Civil Engineering
Maria,3966,117,SECOND,581559,Broadcast Media
Samantha,2376,109,FIRST,450138,Construction
Kaitlyn,3950,142,FIRST,488922,Accounting
Cyril,2836,109,FIRST,740834,Animation
Amos,3811,117,FIRST,521998,Management Consulting
Clark,4226,114,FIRST,515601,Nanotechnology
Uriel,3348,109,SECOND,513662,Fine Art
Israel,1594,127,FIRST,622314,Paper & Forest Products
Athena,3385,149,FIRST,542111,Marketing and Advertising
Kameron,2825,109,FIRST,567414,Sports
Alexane,4632,107,FIRST,667155,Farming
Vesta,3470,133,FIRST,380436,Philanthropy
Jodie,3923,125,FIRST,570518,Primary / Secondary Education
Lorna,1257,104,FIRST,340633,Fishery
Joesph,1098,139,FIRST,792631,Management Consulting
Darren,4143,109,FIRST,567098,Building Materials
Gwen,3973,112,FIRST,545584,Think Tanks
Efren,1396,109,FIRST,501516,Law Practice
Catalina,3768,109,FIRST,439618,Furniture
Pietro,3724,144,FIRST,365940,Computer Software
Elijah,3616,131,FIRST,751988,Retail
Eliezer,1366,120,FIRST,564256,Electrical / Electronic Manufacturing
Pasquale,3150,111,FIRST,347947,Public Policy
Kiera,3016,147,FIRST,358309,Music
Krista,3922,123,FIRST,767782,Individual & Family Services
Mathias,2508,109,FIRST,703063,Package / Freight Delivery
Judson,3418,108,FIRST,503486,Arts and Crafts
Marlene,2572,109,FIRST,491093,Luxury Goods & Jewelry
Haskell,4769,103,FIRST,606636,Law Practice
Elaina,3750,139,FIRST,714074,Fine Art
Nyasia,2992,120,FIRST,363788,Leisure Travel & Tourism
Ines,3443,148,FIRST,558976,Furniture
Albina,3445,104,FIRST,389067,Packaging and Containers
Jaclyn,1076,140,FIRST,662406,Warehousing
Roy,1886,118,FIRST,664230,Automotive
Lillian,4662,139,FIRST,325342,Newspapers
Alisa,1503,129,FIRST,640831,Supermarkets
Estel,2553,103,FIRST,364729,Online Media
Rowland,3821,103,FIRST,558802,Medical Practice
Darryl,4869,103,FIRST,796471,Plastics
Cary,3777,103,FIRST,377947,Farming
Mossie,3320,103,FIRST,568170,Packaging and Containers
Dolores,3635,130,FIRST,749854,Investment Banking
Ashlee,4041,140,FIRST,345767,Biotechnology
Elisa,1633,120,FIRST,369965,Furniture
Cristal,3540,124,FIRST,334548,Law Practice
Emerson,2902,135,FIRST,337937,Think Tanks
Carmella,2700,120,FIRST,360650,Education Management
Korbin,4927,130,FIRST,729942,Printing
Sarah,2285,139,FIRST,456534,Public Safety
Stanley,2269,103,FIRST,561692,Media Production
Mario,3300,130,FIRST,633801,Philanthropy
Emmitt,4114,103,FIRST,622206,Civic & Social Organization
Yvonne,4712,102,FIRST,647148,Cosmetics
Tom,1236,104,FIRST,571073,Automotive
Dewayne,1982,104,FIRST,473900,Philanthropy
Ariel,3249,113,FIRST,739952,Legal Services
Ines,2257,104,FIRST,331305,Medical Practice
Uriah,4455,120,FIRST,671262,Computer Games
Matilda,1905,104,FIRST,741209,Entertainment
Nasir,2884,117,FIRST,635130,Events Services
Chris,3014,104,FIRST,302017,Internet
Billie,2424,138,FIRST,305361,Education Management
Karina,2667,101,FIRST,481180,Food Production
Mabel,2570,104,FIRST,783905,Veterinary
